id,brewery_id,latitude,longitude,accuracy
1,1,30.22340012,-97.7696991,ROOFTOP
2,2,37.78250122,-122.3929977,ROOFTOP
3,3,50.76679993,4.308100224,RANGE_INTERPOLATED
4,4,59.74509811,10.21350002,APPROXIMATE
5,5,50.26060104,4.912199974,APPROXIMATE
6,6,50.30929947,4.7645998,GEOMETRIC_CENTER
7,7,50.19990158,5.227700233,RANGE_INTERPOLATED
8,8,41.22249985,-77.03690338,RANGE_INTERPOLATED
9,9,41.43920135,-87.10780334,RANGE_INTERPOLATED
10,10,30.50489998,-89.94400024,APPROXIMATE
11,11,52.32770157,1.680199981,APPROXIMATE
12,12,50.96989822,4.189199924,APPROXIMATE
13,13,49.76520157,-97.15390015,APPROXIMATE
14,14,41.26029968,-96.09030151,RANGE_INTERPOLATED
15,15,47.87810135,10.61610031,ROOFTOP
16,16,45.54840088,-122.6190033,ROOFTOP
17,17,58.3572998,-134.4900055,ROOFTOP
18,20,43.1257019,-89.32530212,RANGE_INTERPOLATED
19,21,32.89199829,-117.1439972,ROOFTOP
20,22,21.30690002,-157.8580017,APPROXIMATE
21,23,43.70280075,-70.31659698,RANGE_INTERPOLATED
22,24,43.70280075,-70.31659698,RANGE_INTERPOLATED
23,25,40.60160065,-75.47399902,RANGE_INTERPOLATED
24,26,47.74869919,10.56939983,ROOFTOP
25,26,47.72370148,10.31410027,ROOFTOP
26,28,38.05009842,-84.50879669,RANGE_INTERPOLATED
27,29,32.83549881,-116.7649994,RANGE_INTERPOLATED
28,30,48.34569931,8.403100014,ROOFTOP
29,31,50.91899872,3.263200045,RANGE_INTERPOLATED
30,32,41.76050186,-88.30899811,ROOFTOP
31,33,38.89659882,-121.0770035,APPROXIMATE
32,34,39.15510178,-94.48200226,RANGE_INTERPOLATED
33,35,42.37630081,-72.51989746,RANGE_INTERPOLATED
34,36,38.53499985,-105.9919968,ROOFTOP
35,37,52.37379837,4.890900135,APPROXIMATE
36,38,48.51929855,-122.612999,RANGE_INTERPOLATED
37,39,37.76350021,-122.401001,ROOFTOP
38,40,47.97750092,11.18500042,ROOFTOP
39,41,39.00139999,-123.3560028,ROOFTOP
40,42,44.35160065,-69.14009857,RANGE_INTERPOLATED
41,43,43.07849884,-89.38200378,APPROXIMATE
42,44,38.59830093,-90.20899963,RANGE_INTERPOLATED
43,45,40.26589966,-76.87529755,ROOFTOP
44,46,44.26190186,-88.41539764,APPROXIMATE
45,47,42.3219986,-85.18509674,RANGE_INTERPOLATED
46,49,53.34329987,-6.284599781,APPROXIMATE
47,51,35.62210083,-82.5535965,ROOFTOP
48,54,33.81800079,-84.43530273,ROOFTOP
49,55,44.39960098,-68.33399963,ROOFTOP
50,56,42.33720016,-83.01860046,ROOFTOP
51,57,44.28960037,-94.4489975,RANGE_INTERPOLATED
52,58,44.28960037,-94.4489975,RANGE_INTERPOLATED
53,59,38.57020187,-90.88020325,RANGE_INTERPOLATED
54,61,-37.9679985,144.5249939,ROOFTOP
55,62,40.01660156,-105.2190018,ROOFTOP
56,1394,35.61970139,-78.8085022,ROOFTOP
58,63,41.61240005,-86.72679901,RANGE_INTERPOLATED
59,64,39.57649994,-106.0940018,RANGE_INTERPOLATED
60,65,44.04859924,-91.67739868,RANGE_INTERPOLATED
61,66,44.42139816,-84.11669922,APPROXIMATE
62,68,32.76679993,-117.1949997,ROOFTOP
63,69,39.41999817,-76.54000092,APPROXIMATE
64,70,49.89009857,10.90670013,ROOFTOP
65,71,44.16360092,-93.99939728,APPROXIMATE
66,72,44.38750076,-68.20459747,RANGE_INTERPOLATED
67,73,38.91690063,-94.39430237,ROOFTOP
68,74,48.39789963,9.989899635,ROOFTOP
69,75,34.47019958,-114.3499985,RANGE_INTERPOLATED
70,76,41.0522995,-75.33540344,APPROXIMATE
71,77,40.04529953,-86.01550293,ROOFTOP
72,78,45.0359993,-93.1984024,ROOFTOP
73,79,39.97449875,-83.0490036,ROOFTOP
74,80,39.97190094,-83.00270081,ROOFTOP
75,81,36.07210159,-115.0749969,ROOFTOP
76,82,47.52030182,-122.3119965,RANGE_INTERPOLATED
77,83,39.11360168,-84.52600098,RANGE_INTERPOLATED
78,84,39.97669983,-74.18289948,RANGE_INTERPOLATED
79,85,52.80459976,-1.628100038,RANGE_INTERPOLATED
80,86,10.96389961,-74.79640198,APPROXIMATE
81,87,41.23799896,-77.01029968,RANGE_INTERPOLATED
82,1393,44.10039902,-70.21479797,APPROXIMATE
83,88,48.39519882,11.72879982,ROOFTOP
84,89,46.87260056,-114.0199966,ROOFTOP
85,90,38.25460052,-85.74009705,ROOFTOP
86,91,28.53829956,-81.3792038,APPROXIMATE
87,92,37.76940155,-122.5100021,ROOFTOP
88,93,51.89699936,-8.476900101,GEOMETRIC_CENTER
89,94,38.61119843,-122.8710022,RANGE_INTERPOLATED
90,96,38.89160156,-121.2929993,APPROXIMATE
91,97,44.42950058,-68.97499847,RANGE_INTERPOLATED
92,98,55.99700165,-2.509799957,GEOMETRIC_CENTER
93,99,17.49769974,-88.18669891,APPROXIMATE
94,100,42.28430176,-85.45379639,ROOFTOP
95,101,43.19469833,-88.72899628,APPROXIMATE
96,102,41.50590134,-90.51709747,RANGE_INTERPOLATED
97,103,52.47930145,13.42930031,ROOFTOP
98,104,52.52339935,13.41139984,APPROXIMATE
99,106,40.62200165,-75.38200378,RANGE_INTERPOLATED
100,107,40.11059952,-88.20729828,APPROXIMATE
101,108,32.32929993,-96.62529755,APPROXIMATE
102,109,51.5163002,5.597700119,RANGE_INTERPOLATED
103,110,51.54399872,5.128499985,RANGE_INTERPOLATED
104,111,51.16839981,6.051499844,RANGE_INTERPOLATED
105,112,37.77560043,-122.3980026,ROOFTOP
106,113,35.8103981,-78.61789703,ROOFTOP
107,114,45.02230072,-84.68260193,GEOMETRIC_CENTER
108,115,42.96340179,-85.66809845,APPROXIMATE
109,116,36.24259949,-115.2360001,ROOFTOP
110,117,45.77360153,-111.1719971,RANGE_INTERPOLATED
111,118,42.15110016,-87.91439819,ROOFTOP
112,119,49.10490036,-122.6900024,APPROXIMATE
113,120,49.13439941,-123.0650024,ROOFTOP
114,121,50.98469925,-113.9560013,ROOFTOP
115,122,46.92229843,-114.072998,ROOFTOP
116,123,47.6576004,-122.3130035,ROOFTOP
117,124,45.89810181,-123.9609985,ROOFTOP
118,125,50.09429932,8.691300392,ROOFTOP
119,127,46.05970001,13.2269001,RANGE_INTERPOLATED
120,128,44.51530075,7.892199993,RANGE_INTERPOLATED
121,129,44.66009903,10.28139973,RANGE_INTERPOLATED
122,130,37.86339951,-122.2590027,ROOFTOP
123,131,49.97399902,6.522699833,APPROXIMATE
124,132,45.52349854,-122.6760025,APPROXIMATE
125,133,33.91320038,-117.8889999,ROOFTOP
126,135,41.88169861,-87.69259644,APPROXIMATE
127,136,37.22999954,-80.41000366,APPROXIMATE
128,137,36.15200043,-86.79889679,ROOFTOP
129,138,38.83390045,-104.8209991,APPROXIMATE
130,139,45.53250122,-122.685997,APPROXIMATE
131,140,39.17160034,-86.51039886,RANGE_INTERPOLATED
132,141,43.05979919,-89.3085022,ROOFTOP
133,142,41.51179886,-90.57460022,RANGE_INTERPOLATED
134,143,35.08449936,-106.651001,APPROXIMATE
135,144,40.75910187,-73.02149963,ROOFTOP
136,145,34.85309982,-82.39830017,ROOFTOP
137,146,38.25299835,-85.65399933,ROOFTOP
138,147,44.1332016,-73.07839966,RANGE_INTERPOLATED
139,148,53.48070145,-2.234400034,APPROXIMATE
140,149,35.15840149,-114.572998,ROOFTOP
141,150,34.05319977,-118.2559967,ROOFTOP
142,151,42.43109894,-83.48329926,APPROXIMATE
143,152,13.77830029,100.5090027,GEOMETRIC_CENTER
144,153,35.37329865,-119.0189972,APPROXIMATE
145,155,35.08679962,-89.81009674,APPROXIMATE
146,156,52.6739006,14.90040016,RANGE_INTERPOLATED
147,157,42.31439972,-71.10340118,ROOFTOP
148,158,42.34700012,-71.09889984,ROOFTOP
149,159,42.86660004,-109.8659973,RANGE_INTERPOLATED
150,160,40.02669907,-105.2480011,ROOFTOP
151,161,39.08209991,-94.59649658,ROOFTOP
152,162,48.74750137,-122.4810028,RANGE_INTERPOLATED
153,163,45.42890167,-73.63130188,APPROXIMATE
154,164,49.71849823,5.557099819,RANGE_INTERPOLATED
155,165,50.48519897,2.830600023,APPROXIMATE
156,166,50.8431015,3.607700109,RANGE_INTERPOLATED
157,167,50.15069962,5.74420023,RANGE_INTERPOLATED
158,168,50.55929947,4.136499882,GEOMETRIC_CENTER
159,170,50.36930084,3.826999903,GEOMETRIC_CENTER
160,171,50.51089859,3.388299942,RANGE_INTERPOLATED
161,173,49.98419952,4.311100006,RANGE_INTERPOLATED
162,174,50.37049866,3.726300001,RANGE_INTERPOLATED
163,175,50.70460129,5.822000027,GEOMETRIC_CENTER
164,176,50.78530121,4.243700027,RANGE_INTERPOLATED
165,177,50.79750061,2.541199923,RANGE_INTERPOLATED
166,178,50.22480011,4.410200119,APPROXIMATE
167,179,50.64929962,3.924200058,ROOFTOP
168,180,-17.67970085,-149.4069977,APPROXIMATE
169,182,45.70750046,5.915299892,RANGE_INTERPOLATED
170,183,47.25429916,7.002600193,ROOFTOP
171,184,50.62039948,3.759200096,GEOMETRIC_CENTER
172,185,48.00279999,6.658299923,GEOMETRIC_CENTER
173,186,32.3905983,-93.37390137,RANGE_INTERPOLATED
174,187,50.31140137,4.943500042,RANGE_INTERPOLATED
175,188,50.57789993,3.555399895,RANGE_INTERPOLATED
176,189,50.57180023,3.65079999,RANGE_INTERPOLATED
177,190,50.30889893,3.628499985,APPROXIMATE
178,191,50.74280167,3.6875,RANGE_INTERPOLATED
179,192,50.2859993,5.512700081,RANGE_INTERPOLATED
180,193,50.60540009,3.077500105,APPROXIMATE
181,194,50.40800095,4.16590023,RANGE_INTERPOLATED
182,195,50.20240021,4.89139986,RANGE_INTERPOLATED
183,196,50.26010132,3.3125,RANGE_INTERPOLATED
184,197,50.67459869,4.150899887,RANGE_INTERPOLATED
185,198,45.46820068,-73.59130096,ROOFTOP
186,199,42.64830017,9.452899933,GEOMETRIC_CENTER
187,200,50.88510132,2.432899952,ROOFTOP
188,201,50.36819839,4.326600075,RANGE_INTERPOLATED
189,202,50.84159851,4.335499763,ROOFTOP
190,203,48.5929985,7.714900017,RANGE_INTERPOLATED
191,204,47.67150116,9.58880043,ROOFTOP
192,205,47.97060013,11.78079987,ROOFTOP
193,206,53.07870102,8.790100098,ROOFTOP
194,207,51.30550003,8.125900269,GEOMETRIC_CENTER
195,208,49.89419937,10.88549995,APPROXIMATE
196,209,49.9477005,11.56589985,ROOFTOP
197,210,48.23509979,13.82919979,ROOFTOP
198,211,47.36249924,15.09469986,ROOFTOP
199,212,52.39350128,9.681400299,ROOFTOP
200,213,47.82429886,10.02390003,ROOFTOP
201,214,47.36420059,8.524499893,ROOFTOP
202,216,47.78179932,9.621500015,ROOFTOP
203,217,47.33010101,9.413499832,RANGE_INTERPOLATED
204,218,50.87530136,6.994400024,ROOFTOP
205,219,47.43009949,9.379400253,ROOFTOP
206,220,51.22159958,6.785299778,ROOFTOP
207,221,51.28469849,7.293600082,ROOFTOP
208,222,49.89419937,10.88549995,APPROXIMATE
209,223,51.96569824,7.621399879,ROOFTOP
210,224,48.13059998,15.13860035,APPROXIMATE
211,225,48.07780075,9.399600029,ROOFTOP
213,227,44.41049957,-95.41069794,RANGE_INTERPOLATED
214,228,49.69929886,9.249199867,ROOFTOP
215,229,51.24039841,6.751599789,ROOFTOP
216,230,47.6651001,9.175000191,ROOFTOP
217,231,43.0646019,141.3470001,APPROXIMATE
218,232,50.93939972,6.959400177,ROOFTOP
219,233,47.55849838,8.900600433,ROOFTOP
220,234,47.06790161,15.44169998,APPROXIMATE
221,235,41.25400162,-95.9992981,APPROXIMATE
222,236,39.72359848,-105.0009995,ROOFTOP
223,237,39.72359848,-105.0009995,ROOFTOP
224,238,50.67179871,6.122000217,RANGE_INTERPOLATED
225,239,41.34700012,-81.82260132,ROOFTOP
226,240,37.38610077,-122.0839996,APPROXIMATE
227,241,57.68299866,-2.003000021,APPROXIMATE
228,242,39.30279922,-76.61640167,ROOFTOP
229,243,41.45479965,-70.56500244,APPROXIMATE
230,244,50.85269928,4.331099987,GEOMETRIC_CENTER
231,245,48.97389984,14.47500038,APPROXIMATE
232,246,51.31439972,4.988999844,RANGE_INTERPOLATED
233,247,42.86059952,-90.17720032,RANGE_INTERPOLATED
234,248,50.85300064,4.164899826,RANGE_INTERPOLATED
235,249,42.68180084,-74.92549896,RANGE_INTERPOLATED
236,250,42.58470154,-87.82119751,APPROXIMATE
237,251,37.5483017,-121.9889984,APPROXIMATE
238,254,42.49649811,-90.66519928,ROOFTOP
239,255,45.53110123,-122.6849976,ROOFTOP
240,256,39.3628006,-77.42649841,ROOFTOP
241,257,38.80970001,-104.8259964,RANGE_INTERPOLATED
242,258,39.87350082,-86.1427002,RANGE_INTERPOLATED
243,259,40.7215004,-73.95749664,ROOFTOP
244,260,55.61449814,-3.410700083,APPROXIMATE
245,261,52.36660004,4.926300049,ROOFTOP
246,262,51.29740143,4.688099861,RANGE_INTERPOLATED
247,263,50.89609909,2.722199917,RANGE_INTERPOLATED
248,264,50.44309998,4.414700031,RANGE_INTERPOLATED
249,265,50.88529968,4.700799942,RANGE_INTERPOLATED
250,266,50.8628006,3.299200058,RANGE_INTERPOLATED
251,267,50.77669907,3.27850008,RANGE_INTERPOLATED
252,268,50.71229935,4.21969986,RANGE_INTERPOLATED
253,269,51.01380157,4.20179987,RANGE_INTERPOLATED
254,270,51.29859924,5.489600182,RANGE_INTERPOLATED
255,271,50.98500061,4.222599983,ROOFTOP
256,272,51.02809906,2.903800011,ROOFTOP
257,273,51.20940018,3.225199938,APPROXIMATE
258,274,50.90980148,4.250500202,RANGE_INTERPOLATED
259,110,51.54399872,5.128499985,RANGE_INTERPOLATED
260,276,51.02280045,4.15719986,RANGE_INTERPOLATED
261,277,50.8105011,3.18569994,RANGE_INTERPOLATED
262,278,51.19680023,3.25270009,ROOFTOP
263,279,50.97100067,4.190999985,RANGE_INTERPOLATED
264,280,51.25149918,5.546000004,APPROXIMATE
265,281,51.0442009,4.325699806,APPROXIMATE
266,282,50.98820114,5.055399895,RANGE_INTERPOLATED
267,284,51.03250122,4.47300005,RANGE_INTERPOLATED
268,286,50.77629852,5.165999889,RANGE_INTERPOLATED
269,287,50.84389877,3.617000103,RANGE_INTERPOLATED
270,288,50.81800079,4.230700016,GEOMETRIC_CENTER
271,290,50.75859833,4.301199913,RANGE_INTERPOLATED
272,291,50.94620132,3.136199951,RANGE_INTERPOLATED
273,292,50.83100128,3.675899982,RANGE_INTERPOLATED
274,293,51.1167984,5.646399975,RANGE_INTERPOLATED
275,294,50.84170151,4.021299839,RANGE_INTERPOLATED
276,295,50.50180054,4.10860014,APPROXIMATE
277,296,50.84249878,2.636199951,RANGE_INTERPOLATED
278,297,51.44390106,4.738599777,RANGE_INTERPOLATED
279,298,51.09230042,3.00999999,RANGE_INTERPOLATED
280,299,51.12870026,3.478499889,RANGE_INTERPOLATED
281,300,50.85639954,3.884500027,RANGE_INTERPOLATED
282,301,50.86119843,2.661499977,ROOFTOP
283,302,50.77780151,4.887700081,RANGE_INTERPOLATED
284,303,50.92010117,3.2579,RANGE_INTERPOLATED
285,304,51.17660141,3.746200085,RANGE_INTERPOLATED
286,305,50.8321991,3.388400078,RANGE_INTERPOLATED
287,307,49.96220016,20.60029984,RANGE_INTERPOLATED
288,309,49.66220093,19.17420006,ROOFTOP
289,310,45.63800049,-89.41269684,RANGE_INTERPOLATED
290,311,38.25540161,-85.74410248,ROOFTOP
291,312,56.07460022,12.11610031,RANGE_INTERPOLATED
292,313,42.50830078,-89.03179932,APPROXIMATE
293,314,40.11190033,-76.50309753,ROOFTOP
294,317,39.70500183,-104.935997,RANGE_INTERPOLATED
295,318,36.74769974,-119.7720032,APPROXIMATE
296,319,41.24039841,-77.00569916,RANGE_INTERPOLATED
297,320,52.05599976,-2.717499971,APPROXIMATE
298,322,52.80649948,-1.622499943,GEOMETRIC_CENTER
299,323,39.72449875,-121.8479996,ROOFTOP
300,324,36.74769974,-119.7720032,APPROXIMATE
301,325,41.57130051,-71.05709839,RANGE_INTERPOLATED
302,326,41.16070175,-104.802002,ROOFTOP
303,327,42.65420151,-73.74810028,ROOFTOP
304,328,42.18439865,-122.663002,ROOFTOP
305,329,55.93579865,-3.229700089,RANGE_INTERPOLATED
306,330,35.93199921,-84.01200104,ROOFTOP
307,331,37.9734993,-122.5309982,APPROXIMATE
308,332,32.91469955,-117.1460037,ROOFTOP
309,333,42.36640167,-71.0911026,ROOFTOP
310,334,43.47449875,-79.67749786,RANGE_INTERPOLATED
311,335,41.49950027,-81.69539642,APPROXIMATE
312,336,52.13439941,-106.6480026,APPROXIMATE
313,337,42.61019897,-70.66639709,ROOFTOP
314,338,43.09489822,-89.51629639,ROOFTOP
315,339,38.89989853,-77.02719879,ROOFTOP
316,340,38.84109879,-77.0868988,ROOFTOP
317,341,41.12599945,-73.78959656,ROOFTOP
318,342,52.80419922,-6.729499817,GEOMETRIC_CENTER
319,343,52.71960068,-6.846000195,APPROXIMATE
320,344,55.66669846,12.53929996,RANGE_INTERPOLATED
321,345,56.90019989,12.54049969,GEOMETRIC_CENTER
322,346,-37.82310104,144.9669952,ROOFTOP
323,347,42.26890182,-89.09069824,ROOFTOP
324,348,36.67770004,-121.6559982,APPROXIMATE
325,349,35.62310028,-80.80110168,ROOFTOP
326,350,35.91030121,-79.0632019,RANGE_INTERPOLATED
327,351,37.27479935,-107.8799973,ROOFTOP
328,352,43.75479889,-71.396698,APPROXIMATE
329,354,43.64899826,-72.31929779,APPROXIMATE
330,355,41.96250153,-91.69180298,APPROXIMATE
331,356,30.26720047,-97.74310303,APPROXIMATE
332,357,49.18730164,-122.8499985,ROOFTOP
333,358,44.44189835,-89.27970123,ROOFTOP
334,359,14.61330032,-90.53530121,APPROXIMATE
335,360,25.70910072,-100.314003,RANGE_INTERPOLATED
336,363,-32.89020157,-68.84400177,APPROXIMATE
337,364,37.43159866,-78.6568985,APPROXIMATE
339,367,19.72190094,-101.2249985,RANGE_INTERPOLATED
340,368,-25.16880035,-50.12979889,GEOMETRIC_CENTER
341,369,-26.89139938,-49.12229919,GEOMETRIC_CENTER
342,370,37.1875,-3.601799965,GEOMETRIC_CENTER
343,371,35.13999939,-106.5999985,ROOFTOP
344,372,52.13209915,-0.4815,GEOMETRIC_CENTER
345,373,28.21260071,-80.67340088,ROOFTOP
346,374,40.74570084,-74.00859833,GEOMETRIC_CENTER
347,375,44.83420181,-87.3769989,APPROXIMATE
348,376,39.8022995,-105.0839996,ROOFTOP
349,377,36.14759827,-115.2979965,ROOFTOP
350,378,50.03549957,4.377699852,GEOMETRIC_CENTER
351,379,27.95870018,-82.50930023,ROOFTOP
352,380,39.76839828,-86.15799713,APPROXIMATE
353,339,43.80419922,-91.25260162,ROOFTOP
354,382,33.85749817,-117.8759995,APPROXIMATE
355,383,41.49950027,-81.69940186,ROOFTOP
356,384,40.65980148,-74.28299713,ROOFTOP
357,385,39.23080063,-76.67510223,ROOFTOP
358,386,50.94010162,6.956999779,ROOFTOP
359,387,35.22050095,-97.44390106,ROOFTOP
360,388,30.39599991,-88.88529968,APPROXIMATE
361,389,37.00130081,-121.5660019,ROOFTOP
362,390,37.97800064,-122.0309982,APPROXIMATE
363,391,47.67449951,-116.7839966,ROOFTOP
364,392,45.45819855,-94.42910004,RANGE_INTERPOLATED
365,393,42.41699982,-88.0739975,APPROXIMATE
366,394,42.35839844,-71.05979919,APPROXIMATE
367,396,43.31769943,-73.63999939,ROOFTOP
368,397,-34.87269974,138.572998,ROOFTOP
369,398,42.58929825,-74.94029999,GEOMETRIC_CENTER
370,399,39.75989914,-105.2190018,ROOFTOP
371,400,37.72729874,-89.21679688,APPROXIMATE
372,401,40.92219925,-98.35810089,APPROXIMATE
373,402,40.89419937,-77.19709778,GEOMETRIC_CENTER
374,403,43.53229904,-90.00990295,ROOFTOP
375,404,32.69760132,-117.1729965,RANGE_INTERPOLATED
376,405,41.53699875,-71.27960205,RANGE_INTERPOLATED
377,406,53.88460159,-1.265200019,APPROXIMATE
378,407,41.58549881,-93.6210022,ROOFTOP
379,408,44.08860016,-87.6576004,ROOFTOP
380,409,40.27949905,-75.21430206,RANGE_INTERPOLATED
381,410,40.43130112,-104.6880035,RANGE_INTERPOLATED
382,411,34.16960144,-118.1589966,ROOFTOP
383,412,40.80690002,-96.68170166,APPROXIMATE
384,413,29.9557991,-90.06410217,ROOFTOP
385,414,38.86980057,-106.9869995,RANGE_INTERPOLATED
386,415,40.87260056,-74.29640198,ROOFTOP
387,416,41.49950027,-81.69539642,APPROXIMATE
388,417,40.6935997,-89.58899689,APPROXIMATE
389,418,54.29119873,-0.840600014,APPROXIMATE
390,419,43.11470032,-89.65309906,ROOFTOP
391,420,31.72909927,-116.5780029,GEOMETRIC_CENTER
392,421,41.85390091,-88.27760315,RANGE_INTERPOLATED
393,422,38.23089981,-85.70549774,ROOFTOP
394,423,43.70759964,-70.31490326,RANGE_INTERPOLATED
395,424,50.60589981,3.388400078,APPROXIMATE
396,425,53.99990082,-1.501000047,GEOMETRIC_CENTER
397,426,42.26670074,-84.9641037,RANGE_INTERPOLATED
398,427,29.89940071,-90.10040283,APPROXIMATE
399,428,51.44210052,4.92320013,RANGE_INTERPOLATED
400,429,53.06060028,5.534200191,RANGE_INTERPOLATED
401,430,51.20259857,3.22420001,RANGE_INTERPOLATED
402,431,51.08110046,3.369899988,RANGE_INTERPOLATED
403,432,51.11589813,3.815799952,RANGE_INTERPOLATED
404,433,50.92290115,2.75180006,GEOMETRIC_CENTER
405,434,39.5583992,-79.35279846,APPROXIMATE
406,435,39.29040146,-76.61219788,APPROXIMATE
407,436,32.71530151,-117.1569977,APPROXIMATE
408,437,43.04809952,-88.3553009,ROOFTOP
409,438,38.23619843,-122.6399994,RANGE_INTERPOLATED
410,439,44.34780121,-87.82730103,APPROXIMATE
411,440,39.75529861,-104.9970016,ROOFTOP
412,441,44.04740143,-121.322998,ROOFTOP
413,442,33.9858017,-96.65149689,GEOMETRIC_CENTER
414,443,39.13610077,-84.50309753,APPROXIMATE
415,444,34.74729919,-92.2838974,ROOFTOP
416,445,47.94850159,-122.3050003,ROOFTOP
417,446,41.49950027,-81.69539642,APPROXIMATE
418,447,46.77130127,-123.0070038,ROOFTOP
419,448,51.53310013,6.421299934,ROOFTOP
420,449,45.52280045,-73.59279633,ROOFTOP
421,450,39.62820053,-106.0589981,GEOMETRIC_CENTER
422,452,38.54050064,-90.46070099,ROOFTOP
423,453,49.27659988,-123.1149979,RANGE_INTERPOLATED
424,454,29.9605999,-90.08709717,ROOFTOP
425,455,39.7541008,-105,APPROXIMATE
426,456,39.94779968,-75.22290039,ROOFTOP
427,457,49.26979828,-123.1320038,RANGE_INTERPOLATED
428,459,38.7682991,-75.31069946,GEOMETRIC_CENTER
429,460,51.52980042,7.469200134,ROOFTOP
430,461,39.80189896,-105.5139999,APPROXIMATE
431,462,45.70999908,-121.5149994,ROOFTOP
432,463,42.49300003,-82.97530365,RANGE_INTERPOLATED
433,464,37.71760178,-122.1819992,ROOFTOP
434,465,47.49209976,19.14220047,RANGE_INTERPOLATED
435,466,35.08449936,-106.651001,APPROXIMATE
436,467,53.34410095,-6.267499924,APPROXIMATE
437,468,42.50059891,-90.66459656,APPROXIMATE
438,469,35.60029984,-77.5970993,ROOFTOP
439,470,39.28070068,-76.5943985,ROOFTOP
440,471,28.01399994,-82.78759766,ROOFTOP
441,472,41.70750046,-86.89499664,APPROXIMATE
442,281,51.22060013,4.399700165,APPROXIMATE
443,474,-45.03310013,168.6609955,ROOFTOP
444,401,47.94540024,-122.3040009,RANGE_INTERPOLATED
445,476,40.45529938,-79.90429688,ROOFTOP
446,477,38.78139877,-76.22219849,RANGE_INTERPOLATED
447,478,38.57249832,-109.5510025,RANGE_INTERPOLATED
448,480,49.92110062,9.071499825,APPROXIMATE
449,481,40.57929993,-124.1529999,ROOFTOP
450,482,55.75579834,37.61759949,APPROXIMATE
451,483,44.44889832,-88.06040192,APPROXIMATE
452,484,51.81620026,9.864299774,ROOFTOP
453,485,37.97800064,-122.0339966,ROOFTOP
454,487,37.15530014,-121.6760025,RANGE_INTERPOLATED
455,489,52.66429901,0.159500003,APPROXIMATE
456,490,40.89110184,-77.47699738,ROOFTOP
457,491,38.40930176,-121.362999,ROOFTOP
458,492,47.80989838,-122.302002,ROOFTOP
459,493,39.26839828,-76.79940033,ROOFTOP
460,494,47.5603981,-122.387001,ROOFTOP
461,495,42.93239975,-72.28669739,RANGE_INTERPOLATED
462,496,47.61399841,-122.3160019,ROOFTOP
463,497,47.66880035,-122.3339996,ROOFTOP
464,498,-45.87200165,170.5180054,ROOFTOP
465,499,37.83129883,-122.2850037,APPROXIMATE
466,500,42.09809875,-88.27829742,RANGE_INTERPOLATED
467,501,40.81549835,-96.71050262,ROOFTOP
468,502,43.53250122,-90.00260162,APPROXIMATE
469,504,47.25600052,-122.4729996,ROOFTOP
470,505,36.68019867,-121.8040009,ROOFTOP
471,506,-36.94889832,174.8209991,APPROXIMATE
472,507,42.11119843,-80.11299896,ROOFTOP
473,508,43.11470032,-89.65309906,ROOFTOP
474,509,40.37070084,-105.526001,ROOFTOP
475,510,41.45589828,-122.8460007,RANGE_INTERPOLATED
476,511,47.56900024,11.09420013,ROOFTOP
477,512,43.10449982,-75.24520111,ROOFTOP
479,513,47.67010117,-122.1179962,APPROXIMATE
480,514,43.08440018,-89.47609711,RANGE_INTERPOLATED
481,515,37.38700104,-121.9929962,RANGE_INTERPOLATED
482,516,37.88550186,-122.0329971,APPROXIMATE
483,517,54.95479965,-1.657600045,GEOMETRIC_CENTER
485,519,51.69869995,-4.145599842,GEOMETRIC_CENTER
486,520,39.3219986,-120.163002,ROOFTOP
487,521,41.01169968,-95.22720337,APPROXIMATE
488,522,44.08119965,-103.2269974,RANGE_INTERPOLATED
489,523,37.37749863,-122.0299988,RANGE_INTERPOLATED
490,524,35.59529877,-120.6940002,ROOFTOP
491,525,34.22570038,-77.94470215,APPROXIMATE
492,526,47.04370117,-122.8970032,ROOFTOP
493,527,46.79259872,-92.09089661,RANGE_INTERPOLATED
494,528,41.66109848,-91.53019714,APPROXIMATE
495,529,35.19729996,-111.6480026,ROOFTOP
496,530,38.95000076,-92.33229828,ROOFTOP
497,531,44.90840149,-93.15380096,RANGE_INTERPOLATED
498,532,42.2030983,-87.93019867,GEOMETRIC_CENTER
499,534,54.77899933,9.435500145,ROOFTOP
500,535,28.07069969,-80.60119629,ROOFTOP
501,536,41.54330063,-87.67890167,RANGE_INTERPOLATED
502,537,43.1609993,-77.61090088,APPROXIMATE
503,538,48.29919815,-122.6520004,RANGE_INTERPOLATED
504,539,42.95610046,-78.89659882,ROOFTOP
505,540,39.7582016,-104.9899979,ROOFTOP
506,541,39.91210175,-74.9701004,ROOFTOP
507,542,50.68180084,4.954699993,APPROXIMATE
508,543,36.09730148,-80.25090027,ROOFTOP
509,544,38.97729874,-76.49479675,ROOFTOP
510,545,40.58319855,-105.0419998,ROOFTOP
511,548,38.80479813,-77.04689789,APPROXIMATE
512,549,42.95849991,-85.67350006,ROOFTOP
513,550,41.80889893,-88.01119995,APPROXIMATE
514,551,33.41939926,-111.9160004,ROOFTOP
515,552,44.03419876,-88.56079865,RANGE_INTERPOLATED
516,553,44.26779938,-88.47309875,RANGE_INTERPOLATED
517,554,41.49900055,-72.90070343,APPROXIMATE
518,555,39.3628006,-77.42649841,ROOFTOP
519,556,38.97180176,-95.23570251,ROOFTOP
520,557,51.83250046,-2.511600018,GEOMETRIC_CENTER
521,558,53.57550049,7.901599884,ROOFTOP
522,559,41.52019882,-90.57250214,RANGE_INTERPOLATED
523,560,41.54029846,-82.73549652,APPROXIMATE
524,561,49.0155983,12.09130001,ROOFTOP
525,562,45.71030045,-121.5149994,RANGE_INTERPOLATED
526,563,51.48770142,-0.249799997,GEOMETRIC_CENTER
527,565,43.80139923,-91.23960114,APPROXIMATE
528,566,40.74649811,-74.25939941,ROOFTOP
529,567,51.33969879,12.37139988,APPROXIMATE
530,568,47.60639954,9.606100082,ROOFTOP
531,569,47.51710129,9.430000305,ROOFTOP
532,570,51.22489929,6.775700092,APPROXIMATE
533,571,53.16910172,0.316900015,GEOMETRIC_CENTER
534,572,50.7989006,-1.091199994,APPROXIMATE
535,573,52.35440063,9.753199577,ROOFTOP
536,574,46.51800156,-95.37609863,APPROXIMATE
537,575,61.21789932,-149.8959961,ROOFTOP
538,576,41.87749863,-88.06700134,APPROXIMATE
539,577,39.54759979,-107.322998,ROOFTOP
540,578,-27.85390091,153.3589935,APPROXIMATE
541,579,43.46760178,-80.52310181,RANGE_INTERPOLATED
542,580,39.75460052,-105.223999,ROOFTOP
543,581,37.77489853,-122.4189987,APPROXIMATE
544,582,37.8716011,-122.2730026,APPROXIMATE
545,583,41.9272995,-87.68070221,RANGE_INTERPOLATED
546,584,45.21039963,-123.189003,ROOFTOP
547,585,41.9137001,-87.65429688,ROOFTOP
548,586,41.88710022,-87.67209625,ROOFTOP
549,587,26.07449913,-80.18060303,ROOFTOP
550,588,37.3526001,-121.8929977,RANGE_INTERPOLATED
551,589,39.64410019,-106.5960007,ROOFTOP
552,590,41.42950058,-97.36229706,ROOFTOP
553,591,42.17789841,-88.33769989,ROOFTOP
554,592,40.25180054,-105.8199997,RANGE_INTERPOLATED
555,593,43.49879837,-110.8769989,ROOFTOP
556,594,43.59840012,-111.1080017,RANGE_INTERPOLATED
557,595,41.26720047,-96.0714035,RANGE_INTERPOLATED
558,596,45.54980087,-94.20670319,RANGE_INTERPOLATED
559,597,49.89450073,-119.487999,RANGE_INTERPOLATED
560,598,49.27050018,-123.1360016,RANGE_INTERPOLATED
561,599,42.6792984,-89.04979706,RANGE_INTERPOLATED
562,600,39.53490067,-119.7539978,RANGE_INTERPOLATED
563,601,61.58160019,-149.4389954,RANGE_INTERPOLATED
564,602,43.07450104,-89.38020325,ROOFTOP
565,603,43.0177002,-89.42320251,ROOFTOP
566,604,39.75389862,-104.9889984,ROOFTOP
567,605,41.4844017,-81.70420074,RANGE_INTERPOLATED
568,606,39.60419846,-105.947998,APPROXIMATE
569,607,44.94670105,-93.09700012,ROOFTOP
570,608,44.51890182,-88.01959991,ROOFTOP
571,609,33.13600159,-117.2249985,ROOFTOP
572,610,44.93980026,-93.15679932,RANGE_INTERPOLATED
573,611,44.03440094,-73.17350006,ROOFTOP
574,612,52.24100113,0.715699971,GEOMETRIC_CENTER
575,613,35.77209854,-78.63860321,APPROXIMATE
576,614,38.23820114,-122.0400009,APPROXIMATE
577,615,42.2804985,-83.74900055,RANGE_INTERPOLATED
578,616,52.20809937,6.816299915,GEOMETRIC_CENTER
579,617,43.0080986,-89.73829651,ROOFTOP
580,618,19.42700005,-99.12760162,APPROXIMATE
581,619,50.81090164,5.921299934,RANGE_INTERPOLATED
582,620,52.37950134,4.637700081,APPROXIMATE
583,621,48.13909912,11.5802002,APPROXIMATE
584,622,45.49010086,-122.6429977,RANGE_INTERPOLATED
585,623,47.65919876,-122.3659973,ROOFTOP
586,624,37.49029922,-122.4349976,APPROXIMATE
587,625,35.60829926,-77.37319946,ROOFTOP
588,626,54.17440033,-1.484400034,GEOMETRIC_CENTER
589,627,50.98889923,-1.498900056,APPROXIMATE
590,628,51.19129944,6.442100048,APPROXIMATE
591,629,60.29449844,5.259200096,RANGE_INTERPOLATED
592,630,50.72900009,4.297100067,RANGE_INTERPOLATED
593,631,20.75919914,-156.4570007,APPROXIMATE
594,632,43.38710022,-87.87950134,RANGE_INTERPOLATED
595,633,47.24359894,-122.4369965,ROOFTOP
596,634,42.3465004,-71.03379822,ROOFTOP
597,635,43.51300049,-72.40149689,ROOFTOP
598,636,40.49620056,-74.44409943,RANGE_INTERPOLATED
599,637,50.87419891,0.0167,RANGE_INTERPOLATED
600,638,56.15309906,-3.800600052,APPROXIMATE
601,639,51.84389877,10.75329971,ROOFTOP
602,640,51.22610092,6.774499893,ROOFTOP
603,641,43.21649933,-123.3420029,APPROXIMATE
604,642,40.58530045,-105.0839996,APPROXIMATE
605,643,40.7322998,-73.98739624,APPROXIMATE
606,644,39.73920059,-104.9850006,APPROXIMATE
607,645,39.96530151,-74.3117981,APPROXIMATE
609,649,47.50770187,8.730199814,ROOFTOP
610,650,49.89199829,10.88529968,ROOFTOP
611,651,45.74580002,-87.05599976,RANGE_INTERPOLATED
612,652,44.9518013,-89.66570282,RANGE_INTERPOLATED
613,653,44.94910049,-93.28849792,ROOFTOP
614,655,32.30960083,-106.7929993,ROOFTOP
615,656,43.16460037,-77.6155014,ROOFTOP
616,657,41.00159836,-74.34030151,RANGE_INTERPOLATED
617,658,35.57160187,-82.49909973,RANGE_INTERPOLATED
618,659,47.51319885,10.27900028,ROOFTOP
619,660,37.56650162,126.9779968,APPROXIMATE
620,661,50.39490128,9.772399902,ROOFTOP
621,662,49.01250076,8.426400185,ROOFTOP
622,663,47.69419861,13.07839966,ROOFTOP
623,664,47.86909866,12.6505003,ROOFTOP
624,665,32.96179962,-96.82920074,APPROXIMATE
625,666,32.8030014,-96.76989746,APPROXIMATE
626,667,49.16719818,12.63990021,RANGE_INTERPOLATED
627,668,53.56209946,9.945099831,ROOFTOP
628,669,38.99110031,-77.0236969,ROOFTOP
629,670,51.9966011,-1.492200017,GEOMETRIC_CENTER
630,672,40.62149811,-111.8659973,ROOFTOP
631,673,41.02470016,-81.46759796,ROOFTOP
632,674,38.55509949,-121.4300003,ROOFTOP
633,675,39.71870041,-104.9499969,ROOFTOP
634,676,43.75939941,-87.72280121,ROOFTOP
635,677,37.67699814,-121.8980026,ROOFTOP
636,678,45.49689865,-122.6350021,ROOFTOP
637,679,37.6344986,-120.9820023,ROOFTOP
638,680,42.26259995,-71.8022995,APPROXIMATE
639,681,51.26150131,9.449399948,GEOMETRIC_CENTER
640,682,39.64030075,-106.3740005,APPROXIMATE
641,683,39.26509857,-84.37989807,RANGE_INTERPOLATED
642,684,-33.21749878,151.4259949,GEOMETRIC_CENTER
643,685,51.20259857,3.22420001,RANGE_INTERPOLATED
644,686,40.86999893,-124.086998,RANGE_INTERPOLATED
645,687,51.10070038,3.693399906,RANGE_INTERPOLATED
646,688,43.46659851,-112.0339966,APPROXIMATE
647,689,40.47869873,-88.99459839,RANGE_INTERPOLATED
648,690,50.88650131,4.70690012,RANGE_INTERPOLATED
649,691,39.95259857,-75.15940094,ROOFTOP
650,692,30.21310043,-97.7358017,ROOFTOP
651,693,35.66749954,-117.8740005,ROOFTOP
652,694,13.69979954,-89.18319702,GEOMETRIC_CENTER
653,696,56.41740036,-3.477900028,GEOMETRIC_CENTER
654,697,53.48630142,-6.168000221,APPROXIMATE
655,698,40.46099854,-79.96530151,ROOFTOP
656,699,39.6833992,-75.74669647,ROOFTOP
657,700,39.74499893,-75.55609894,RANGE_INTERPOLATED
658,701,37.98600006,-122.5839996,ROOFTOP
659,598,34.39599991,-119.5210037,RANGE_INTERPOLATED
660,703,56.49069977,-4.202600002,APPROXIMATE
661,704,47.52999878,-122.0370026,ROOFTOP
662,705,42.41450119,-76.53150177,RANGE_INTERPOLATED
663,706,38.75630188,-120.6790009,ROOFTOP
664,707,37.54410172,-121.987999,ROOFTOP
665,708,44.94490051,-91.39679718,RANGE_INTERPOLATED
666,709,41.23279953,-96.08249664,RANGE_INTERPOLATED
667,710,45.00389862,-93.25019836,ROOFTOP
668,711,39.37220001,-104.8560028,APPROXIMATE
669,712,46.50149918,-87.67900085,RANGE_INTERPOLATED
670,713,54.66490173,-3.363399982,APPROXIMATE
671,714,53.57569885,7.900300026,APPROXIMATE
672,715,37.56650162,126.9779968,APPROXIMATE
673,716,40.55490112,-74.27709961,RANGE_INTERPOLATED
674,717,41.25400162,-95.9992981,APPROXIMATE
675,718,40.17070007,-76.38379669,RANGE_INTERPOLATED
676,719,42.30369949,-71.39659882,ROOFTOP
677,720,42.37239838,-71.11930084,ROOFTOP
678,721,39.74580002,-75.54669952,APPROXIMATE
679,722,50.72980118,4.507999897,GEOMETRIC_CENTER
680,723,42.33750153,-83.88950348,ROOFTOP
681,724,39.95289993,-74.2009964,APPROXIMATE
682,725,43.05189896,-89.47370148,RANGE_INTERPOLATED
683,726,33.95330048,-117.3960037,APPROXIMATE
684,727,53.54119873,-2.173399925,APPROXIMATE
685,728,49.62829971,11.54979992,ROOFTOP
686,729,49.90430069,10.85239983,ROOFTOP
687,730,42.29489899,-85.57879639,ROOFTOP
688,731,32.89690018,-117.2009964,ROOFTOP
689,732,45.49560165,15.53310013,GEOMETRIC_CENTER
690,733,49.89039993,10.90559959,ROOFTOP
691,734,44.52360153,-89.57460022,APPROXIMATE
692,736,38.44049835,-122.7139969,APPROXIMATE
693,737,38.03170013,-84.49510193,APPROXIMATE
694,738,-1.283300042,36.81669998,APPROXIMATE
695,739,46.59579849,-112.0270004,APPROXIMATE
696,740,51.06380081,-0.326999992,APPROXIMATE
697,743,50.91930008,3.966599941,RANGE_INTERPOLATED
698,744,52.0909996,14.65089989,ROOFTOP
699,745,49.01440048,12.07499981,ROOFTOP
700,746,49.88909912,10.88700008,ROOFTOP
701,747,51.53139877,6.741799831,ROOFTOP
702,748,48.18259811,11.25220013,ROOFTOP
703,749,50.32160187,7.586200237,ROOFTOP
704,750,47.92620087,9.420399666,ROOFTOP
705,751,19.6420002,-155.9960022,RANGE_INTERPOLATED
707,754,41.03229904,-74.64070129,GEOMETRIC_CENTER
708,755,44.56169891,-72.5983963,APPROXIMATE
709,756,42.52780151,-83.04720306,RANGE_INTERPOLATED
710,757,50.10599899,11.44419956,ROOFTOP
711,758,50.10770035,11.45300007,APPROXIMATE
712,759,32.84090042,-117.2740021,ROOFTOP
713,760,33.85749817,-117.8759995,APPROXIMATE
714,761,44.65980148,-63.59970093,RANGE_INTERPOLATED
715,762,42.97779846,-81.24669647,RANGE_INTERPOLATED
716,763,48.39170074,-122.4950027,ROOFTOP
717,764,40.41939926,-86.88999939,ROOFTOP
718,765,38.2723999,-122.6620026,ROOFTOP
719,766,43.17060089,-89.93240356,RANGE_INTERPOLATED
720,767,44.28290176,-73.98130035,ROOFTOP
721,768,46.76110077,-92.13189697,RANGE_INTERPOLATED
722,769,43.05469894,-87.90529633,ROOFTOP
723,771,40.04380035,-76.29840088,ROOFTOP
724,772,54.82289886,-1.745700002,APPROXIMATE
725,773,48.01399994,-115.0110016,RANGE_INTERPOLATED
726,774,40.32120132,-79.37950134,APPROXIMATE
727,775,48.3003006,-116.538002,ROOFTOP
728,776,30.37639999,-89.4496994,ROOFTOP
729,777,45.51810074,-73.56420135,RANGE_INTERPOLATED
730,778,33.45769882,-117.5889969,ROOFTOP
731,779,40.15869904,-105.112999,RANGE_INTERPOLATED
732,780,40.32559967,-75.92829895,RANGE_INTERPOLATED
733,781,44.55339813,-88.09770203,ROOFTOP
734,782,33.44839859,-112.0739975,APPROXIMATE
735,783,46.59769821,-112.0370026,ROOFTOP
736,784,33.71870041,-78.88310242,RANGE_INTERPOLATED
737,785,50.52080154,8.816599846,APPROXIMATE
738,786,50.96490097,3.421999931,RANGE_INTERPOLATED
739,787,45.05649948,-92.82219696,APPROXIMATE
740,788,48.43579865,-123.3960037,RANGE_INTERPOLATED
741,789,45.77859879,-111.1790009,APPROXIMATE
742,790,-39.62749863,176.8540039,ROOFTOP
743,791,38.75479889,-9.188300133,APPROXIMATE
744,792,41.25569916,-75.85829926,RANGE_INTERPOLATED
745,793,-33.86869812,151.2169952,APPROXIMATE
746,794,39.14559937,-84.47409821,ROOFTOP
747,795,39.18360138,-96.57170105,APPROXIMATE
748,796,-32.05970001,115.7450027,ROOFTOP
749,797,30.2541008,-97.70549774,ROOFTOP
750,798,45.91719818,-89.24430084,APPROXIMATE
751,799,49.62060165,14.38370037,APPROXIMATE
752,800,44.85160065,-90.3164978,APPROXIMATE
753,801,43.58819962,-72.65630341,APPROXIMATE
754,802,40.78430176,-74.77999878,RANGE_INTERPOLATED
755,803,40.80319977,-124.1650009,ROOFTOP
756,805,43.73789978,-79.5714035,APPROXIMATE
757,806,47.36420059,8.524499893,ROOFTOP
758,807,56.1072998,-3.752799988,APPROXIMATE
759,808,41.06769943,-85.15239716,RANGE_INTERPOLATED
760,809,41.3144989,-81.83570099,APPROXIMATE
761,810,40.87900162,-123.9929962,ROOFTOP
762,811,40.87860107,-123.9919968,RANGE_INTERPOLATED
763,812,44.42839813,-73.21309662,ROOFTOP
764,813,37.77019882,-122.4449997,RANGE_INTERPOLATED
765,814,45.50009918,-122.4309998,RANGE_INTERPOLATED
766,815,37.54299927,-77.46910095,APPROXIMATE
767,816,33.88349915,-117.5650024,RANGE_INTERPOLATED
768,817,32.8030014,-96.76989746,APPROXIMATE
769,818,36.17549896,-115.1449966,ROOFTOP
770,819,49.89279938,10.91310024,ROOFTOP
771,820,-33.88669968,151.173996,RANGE_INTERPOLATED
772,821,43.21670151,-87.9240036,RANGE_INTERPOLATED
773,822,37.64839935,-118.9830017,RANGE_INTERPOLATED
774,823,40.02360153,-75.22019958,ROOFTOP
775,824,33.88439941,-118.4110031,ROOFTOP
776,825,35.09280014,-106.6470032,ROOFTOP
777,826,30.36170006,-81.69660187,APPROXIMATE
778,827,37.94789886,-122.5110016,RANGE_INTERPOLATED
779,828,49.20550156,-122.9779968,RANGE_INTERPOLATED
780,829,47.6637001,-122.3769989,ROOFTOP
781,830,46.54309845,-87.39289856,RANGE_INTERPOLATED
782,831,36.15200043,-95.96469879,RANGE_INTERPOLATED
783,832,51.31750107,9.479299545,ROOFTOP
784,833,40.42340088,-78.43389893,APPROXIMATE
785,834,35.0707016,-78.95449829,RANGE_INTERPOLATED
786,835,-32.02320099,115.7539978,ROOFTOP
787,836,20.9720993,-156.677002,ROOFTOP
788,837,41.64319992,-83.53839874,ROOFTOP
789,838,40.19889832,-98.06729889,RANGE_INTERPOLATED
790,839,39.05339813,-94.59190369,RANGE_INTERPOLATED
791,840,30.41810036,-87.20240021,ROOFTOP
792,841,39.86579895,-75.54419708,RANGE_INTERPOLATED
793,842,47.87739944,-122.2109985,RANGE_INTERPOLATED
794,843,51.79750061,-0.080600001,RANGE_INTERPOLATED
795,844,51.48989868,0.037999999,RANGE_INTERPOLATED
796,845,47.63079834,9.888899803,ROOFTOP
797,846,19.70599937,-155.0690002,ROOFTOP
798,847,38.97340012,-123.1159973,RANGE_INTERPOLATED
799,848,43.08309937,-73.7845993,APPROXIMATE
800,849,39.13259888,-123.2009964,RANGE_INTERPOLATED
801,850,42.67279816,-70.84400177,ROOFTOP
802,851,41.97499847,-87.6740036,ROOFTOP
803,852,42.22489929,-121.7819977,APPROXIMATE
804,853,42.66159821,-84.19460297,ROOFTOP
805,854,42.28720093,-87.95379639,ROOFTOP
806,855,43.03889847,-87.90650177,APPROXIMATE
807,856,51.10279846,4.726900101,RANGE_INTERPOLATED
808,857,43.05080032,-76.16169739,ROOFTOP
809,858,61.14730072,-149.8439941,ROOFTOP
810,860,35.29999924,-106.5510025,APPROXIMATE
811,861,46.06969833,-118.3359985,RANGE_INTERPOLATED
812,862,39.61199951,-105.0189972,ROOFTOP
813,863,43.04449844,-87.96260071,ROOFTOP
814,864,42.08549881,-88.14109802,RANGE_INTERPOLATED
815,865,41.79719925,-91.86519623,RANGE_INTERPOLATED
816,866,42.99449921,-71.4673996,ROOFTOP
817,867,43.03340149,-87.90930176,ROOFTOP
818,868,42.60010147,-89.64219666,RANGE_INTERPOLATED
819,869,44.97320175,-93.24790192,ROOFTOP
820,870,44.94419861,-93.08609772,APPROXIMATE
821,871,45.87220001,-89.70970154,RANGE_INTERPOLATED
822,872,41.69309998,-86.18180084,RANGE_INTERPOLATED
823,873,49.13230133,-122.3430023,RANGE_INTERPOLATED
824,874,40.68700027,-73.70800018,GEOMETRIC_CENTER
825,875,38.56570053,-109.5500031,RANGE_INTERPOLATED
826,876,35.21559906,-111.5899963,RANGE_INTERPOLATED
827,877,47.41230011,9.744299889,ROOFTOP
828,878,43.67060089,-79.38240051,ROOFTOP
829,879,45.78219986,-108.5059967,RANGE_INTERPOLATED
830,880,36.12860107,-115.1709976,APPROXIMATE
831,881,-42.45050049,171.2070007,GEOMETRIC_CENTER
832,882,32.08100128,-81.09149933,RANGE_INTERPOLATED
833,883,38.4980011,-122.7799988,APPROXIMATE
834,884,53.78639984,-2.269399881,RANGE_INTERPOLATED
835,885,61.19020081,-149.8690033,ROOFTOP
836,886,45.25669861,-66.09600067,RANGE_INTERPOLATED
837,887,45.25780106,-66.0983963,RANGE_INTERPOLATED
838,888,43.59069824,-89.79389954,RANGE_INTERPOLATED
839,889,55.01670074,-1.492499948,GEOMETRIC_CENTER
840,890,51.67010117,-1.284999967,APPROXIMATE
841,891,40.01900101,-105.2750015,ROOFTOP
842,892,38.09410095,-122.5569992,ROOFTOP
843,893,38.10739899,-122.5699997,APPROXIMATE
844,894,34.46860123,-114.3410034,ROOFTOP
845,895,40.58430099,-98.3911972,RANGE_INTERPOLATED
846,896,-40.76580048,172.7050018,GEOMETRIC_CENTER
847,897,16.7779007,96.16790009,GEOMETRIC_CENTER
848,899,40.39780045,-105.0749969,APPROXIMATE
849,900,-22.55890083,17.08250046,APPROXIMATE
850,901,41.13389969,-96.03070068,RANGE_INTERPOLATED
851,902,49.48839951,-117.2900009,RANGE_INTERPOLATED
852,903,52.08100128,0.655900002,GEOMETRIC_CENTER
853,904,38.3280983,-85.81710052,ROOFTOP
854,905,40.59289932,-105.0699997,RANGE_INTERPOLATED
855,906,42.3586998,-71.05740356,APPROXIMATE
856,907,42.81710052,-89.63059998,ROOFTOP
857,908,42.79000092,-86.10410309,ROOFTOP
858,909,33.90890121,-84.30560303,RANGE_INTERPOLATED
859,910,40.18569946,-75.45159912,APPROXIMATE
860,912,43.08929825,-79.11000061,RANGE_INTERPOLATED
861,913,45.92219925,-88.25180054,APPROXIMATE
862,915,44.05690002,-123.1100006,ROOFTOP
863,916,39.95019913,-75.16660309,ROOFTOP
864,917,45.52349854,-122.6760025,APPROXIMATE
865,918,58.53659821,15.03730011,APPROXIMATE
866,919,39.44660187,-123.8059998,ROOFTOP
867,920,41.06380081,-80.05560303,ROOFTOP
868,921,47.68149948,-122.2089996,APPROXIMATE
869,922,44.77759933,-91.44329834,RANGE_INTERPOLATED
870,924,38.80580139,-90.75319672,ROOFTOP
871,925,44.94580078,-93.16699982,RANGE_INTERPOLATED
872,926,42.08840179,-87.98059845,APPROXIMATE
873,928,45.55390167,-94.17030334,APPROXIMATE
874,929,34.86610031,-111.7959976,RANGE_INTERPOLATED
875,930,39.61500168,-86.09010315,RANGE_INTERPOLATED
876,931,52.57580185,-0.247999996,RANGE_INTERPOLATED
877,932,40.01499939,-105.2710037,APPROXIMATE
878,933,40.01499939,-105.2710037,APPROXIMATE
879,934,43.11169815,-88.4992981,APPROXIMATE
880,935,40.58940125,-105.0630035,ROOFTOP
881,936,33.20289993,-117.2549973,RANGE_INTERPOLATED
882,937,41.18280029,-80.76540375,APPROXIMATE
883,938,50.26129913,-119.2770004,RANGE_INTERPOLATED
884,939,30.27669907,-97.74629974,ROOFTOP
885,940,39.15399933,-75.48840332,RANGE_INTERPOLATED
886,941,42.16820145,-85.84970093,RANGE_INTERPOLATED
887,942,42.02479935,-93.61470032,ROOFTOP
888,943,42.29359818,-85.57779694,GEOMETRIC_CENTER
889,944,39.04719925,-84.55989838,APPROXIMATE
890,945,32.71530151,-117.1569977,APPROXIMATE
891,946,42.18650055,-88.1835022,ROOFTOP
892,947,43.03889847,-87.90650177,APPROXIMATE
893,948,48.75960159,-122.487999,APPROXIMATE
894,949,44.63650131,-123.1060028,APPROXIMATE
895,950,44.56129837,-123.2610016,ROOFTOP
896,952,40.35319901,-74.0746994,ROOFTOP
897,953,59.06969833,-3.313499928,APPROXIMATE
898,954,28.5265007,-81.38269806,ROOFTOP
899,955,44.42839813,-73.21309662,ROOFTOP
900,956,40.22460175,-105.2679977,RANGE_INTERPOLATED
901,957,55.75579834,37.61759949,APPROXIMATE
902,958,48.2132988,16.32290077,ROOFTOP
903,959,44.0196991,-73.16929626,ROOFTOP
904,960,40.80979919,-77.91010284,RANGE_INTERPOLATED
905,961,60.38100052,25.11020088,GEOMETRIC_CENTER
906,962,41.14749908,-85.1167984,APPROXIMATE
907,963,29.43000031,-98.48999786,APPROXIMATE
908,964,32.79779816,-117.2399979,APPROXIMATE
909,965,37.80160141,-122.2740021,RANGE_INTERPOLATED
910,966,47.5143013,-122.3529968,ROOFTOP
911,967,50.99530029,4.283500195,RANGE_INTERPOLATED
912,968,32.80170059,-79.94550323,RANGE_INTERPOLATED
913,969,43.14670181,-75.17790222,APPROXIMATE
914,970,42.20119858,-72.61039734,ROOFTOP
915,971,40.49599838,-111.4199982,RANGE_INTERPOLATED
916,972,48.13909912,11.5802002,APPROXIMATE
917,973,43.83440018,-91.23619843,ROOFTOP
918,974,45.21519852,-123.9700012,ROOFTOP
919,975,40.45690155,-79.99150085,ROOFTOP
920,976,42.83679962,-71.66259766,RANGE_INTERPOLATED
921,977,40.45690155,-79.99150085,ROOFTOP
922,978,29.5760994,-98.47720337,ROOFTOP
923,979,34.92509842,-95.72530365,GEOMETRIC_CENTER
924,980,33.91759872,-117.2600021,ROOFTOP
925,981,39.98270035,-75.12750244,ROOFTOP
926,982,-20.2737999,57.49710083,GEOMETRIC_CENTER
927,983,41.91040039,-87.67610168,ROOFTOP
928,984,47.60810089,-122.3399963,ROOFTOP
929,985,35.13150024,-79.42949677,APPROXIMATE
930,986,33.72679901,-111.8529968,RANGE_INTERPOLATED
931,987,39.73690033,-104.9909973,RANGE_INTERPOLATED
932,988,42.00379944,21.45219994,APPROXIMATE
933,990,50.20940018,15.83259964,APPROXIMATE
934,993,50.03549957,15.76200008,ROOFTOP
935,994,50.08779907,14.4204998,APPROXIMATE
936,995,49.19110107,16.59180069,ROOFTOP
937,996,47.88090134,18.19720078,ROOFTOP
938,997,49.92250061,14.63609982,ROOFTOP
939,998,50.06850052,14.40670013,ROOFTOP
940,999,59.93899918,30.31579971,APPROXIMATE
941,1000,41.94549942,-88.45069885,ROOFTOP
942,1001,32.99079895,-117.2720032,ROOFTOP
943,1002,37.22829819,-77.39029694,GEOMETRIC_CENTER
944,1003,40.69540024,-99.08119965,RANGE_INTERPOLATED
945,1004,37.66450119,-121.8730011,ROOFTOP
946,1005,49.7466011,13.38609982,ROOFTOP
947,1007,35.1814003,136.9060059,APPROXIMATE
948,1008,38.88140106,-94.81909943,APPROXIMATE
949,1009,33.1405983,-117.1500015,APPROXIMATE
950,1010,43.3871994,-87.87560272,APPROXIMATE
951,1011,40.33409882,-75.01200104,RANGE_INTERPOLATED
952,1012,45.54150009,-122.7129974,ROOFTOP
953,1013,43.0780983,-70.75749969,RANGE_INTERPOLATED
954,1014,42.03469849,-88.2818985,ROOFTOP
955,1015,34.54199982,-112.4700012,ROOFTOP
956,1016,60.48770142,9.188500404,APPROXIMATE
957,1017,49.67470169,8.925000191,APPROXIMATE
958,1018,51.18330002,6.499300003,ROOFTOP
959,1019,48.31529999,11.89109993,ROOFTOP
960,1020,51.22919846,6.792500019,ROOFTOP
961,1021,50.94649887,6.956299782,ROOFTOP
962,1023,48.91749954,11.87349987,ROOFTOP
963,1024,49.88510132,10.88230038,ROOFTOP
964,1025,39.62820053,-106.0469971,ROOFTOP
965,1026,43.66149902,-70.25530243,APPROXIMATE
966,1027,40.16880035,-105.1019974,ROOFTOP
967,1028,43.60110092,-89.79370117,APPROXIMATE
968,1029,47.59170151,-122.3349991,ROOFTOP
969,1029,37.88059998,-122.3000031,ROOFTOP
970,1031,47.5923996,-122.3339996,RANGE_INTERPOLATED
971,1032,36.06629944,120.3830032,APPROXIMATE
972,1033,33.4905014,-79.11599731,GEOMETRIC_CENTER
973,1034,49.26729965,-123.1029968,RANGE_INTERPOLATED
974,1035,45.48559952,-122.7539978,ROOFTOP
975,1036,41.58409882,-93.62960052,ROOFTOP
976,1037,51.1147995,13.91499996,RANGE_INTERPOLATED
977,1038,32.73659897,-97.32740021,ROOFTOP
978,1039,45.08509827,-87.65440369,ROOFTOP
979,1040,61.2181015,-149.8999939,APPROXIMATE
980,1041,41.11510086,-74.14700317,RANGE_INTERPOLATED
981,1042,42.83200073,-88.71399689,ROOFTOP
982,1043,51.37229919,-2.877300024,APPROXIMATE
983,1044,30.11300087,-98.41560364,RANGE_INTERPOLATED
984,1045,33.68640137,-117.6600037,APPROXIMATE
985,1046,33.03699875,-117.2919998,APPROXIMATE
986,1047,45.19129944,-109.2470016,RANGE_INTERPOLATED
987,1048,36.06129837,-79.56950378,ROOFTOP
988,1049,40.3044014,-79.54709625,ROOFTOP
989,1050,40.01869965,-105.2789993,ROOFTOP
990,1051,47.60620117,-122.3320007,APPROXIMATE
991,1052,43.01169968,-88.23149872,APPROXIMATE
992,1053,48.07080078,11.53110027,ROOFTOP
993,1054,41.92340088,-87.69819641,ROOFTOP
994,1055,37.53559875,-77.43379974,ROOFTOP
995,1056,51.5461998,-1.135499954,RANGE_INTERPOLATED
996,1057,33.41479874,-111.9089966,APPROXIMATE
997,1058,40.36880112,-74.9477005,ROOFTOP
998,1059,41.84999847,-87.65010071,APPROXIMATE
999,1060,40.63800049,-111.6900024,APPROXIMATE
1000,1061,40.44649887,-79.7641983,ROOFTOP
1001,1062,44.56930161,-72.60340118,ROOFTOP
1002,1063,41.89149857,-87.62840271,ROOFTOP
1003,1064,39.74720001,-104.9950027,RANGE_INTERPOLATED
1004,1065,43.03990173,-87.91169739,ROOFTOP
1005,1066,44.97650146,-93.27469635,ROOFTOP
1006,1067,37.28860092,-121.9329987,ROOFTOP
1007,1068,39.56779861,-104.8740005,ROOFTOP
1008,1069,41.46229935,-81.85600281,ROOFTOP
1009,1070,39.40909958,-104.8700027,ROOFTOP
1010,1071,42.78749847,-86.10890198,APPROXIMATE
1011,1072,44.62020111,-124.052002,ROOFTOP
1012,1073,51.44210052,4.92320013,RANGE_INTERPOLATED
1013,1074,37.28689957,-121.9459991,ROOFTOP
1014,1075,45.51179886,-122.6589966,ROOFTOP
1015,1076,37.98709869,-122.5889969,APPROXIMATE
1016,1077,43.31779861,-88.3789978,APPROXIMATE
1017,1078,38.64699936,-90.22499847,APPROXIMATE
1018,1079,32.78900146,-96.79889679,APPROXIMATE
1019,1080,44.02909851,-88.16290283,RANGE_INTERPOLATED
1020,1081,39.93899918,-77.65660095,RANGE_INTERPOLATED
1021,1082,38.57310104,-121.4810028,ROOFTOP
1022,1083,47.6855011,9.208000183,ROOFTOP
1023,1084,44.89020157,-92.63780212,RANGE_INTERPOLATED
1024,706,49.14820099,-122.8619995,RANGE_INTERPOLATED
1025,1086,38.44179916,-122.711998,ROOFTOP
1026,1087,41.38790131,2.16989994,APPROXIMATE
1027,1088,51.47359848,-3.178999901,GEOMETRIC_CENTER
1028,1089,12.96829987,77.65699768,APPROXIMATE
1029,1090,38.61909866,-121.4000015,RANGE_INTERPOLATED
1030,1091,29.81229973,-95.46749878,RANGE_INTERPOLATED
1031,1092,38.63299942,-90.20999908,ROOFTOP
1032,1093,28.16460037,-82.771698,ROOFTOP
1033,1094,59.30139923,24.66790009,RANGE_INTERPOLATED
1034,1095,29.42410088,-98.49359894,APPROXIMATE
1035,1096,52.70690155,-2.786999941,RANGE_INTERPOLATED
1036,1097,40.76259995,-111.8949966,RANGE_INTERPOLATED
1037,1098,21.30690002,-157.8580017,APPROXIMATE
1038,1099,53.88339996,-1.262500048,GEOMETRIC_CENTER
1039,1100,32.79219818,-117.098999,ROOFTOP
1040,1101,33.1344986,-117.1910019,ROOFTOP
1041,1102,14.58329964,120.9670029,APPROXIMATE
1042,1103,44.29290009,-90.85109711,RANGE_INTERPOLATED
1043,1104,39.75569916,-104.9929962,RANGE_INTERPOLATED
1044,1105,44.80070114,-106.9560013,RANGE_INTERPOLATED
1045,1106,34.41659927,-119.6959991,ROOFTOP
1046,1107,36.97409821,-122.0309982,APPROXIMATE
1047,1108,35.59659958,-106.052002,ROOFTOP
1048,1109,38.44049835,-122.7139969,APPROXIMATE
1049,1111,52.54349899,-2.115600109,APPROXIMATE
1050,1112,45.42070007,-122.6709976,APPROXIMATE
1052,1113,-34.1855011,150.6069946,APPROXIMATE
1053,1114,50.0223999,10.82999992,ROOFTOP
1054,1115,47.99039841,13.92380047,ROOFTOP
1055,1116,47.40969849,9.751399994,ROOFTOP
1056,1118,32.8030014,-96.76989746,APPROXIMATE
1057,1119,37.96689987,-121.7829971,RANGE_INTERPOLATED
1058,1120,48.00400162,9.658399582,ROOFTOP
1059,1121,45.12789917,-76.12999725,RANGE_INTERPOLATED
1060,1122,40.89179993,-76.79750061,APPROXIMATE
1061,1123,55.94649887,-3.248500109,RANGE_INTERPOLATED
1062,1124,47.99750137,-122.2139969,RANGE_INTERPOLATED
1063,1125,44.79740143,-68.76999664,RANGE_INTERPOLATED
1064,1126,36.96760178,-122.0080032,ROOFTOP
1065,1127,35.6631012,-105.9660034,RANGE_INTERPOLATED
1066,1128,40.80099869,-76.86139679,ROOFTOP
1067,1129,36.7582016,-119.802002,ROOFTOP
1068,1130,49.14870071,-122.9120026,APPROXIMATE
1069,1131,20.8946991,-156.4700012,APPROXIMATE
1070,1132,51.31689835,0.892099977,RANGE_INTERPOLATED
1071,1133,44.91329956,-93.50330353,APPROXIMATE
1072,1134,40.56840134,-75.09539795,ROOFTOP
1073,1135,45.04949951,-87.28019714,RANGE_INTERPOLATED
1074,1136,43.66189957,-70.24890137,RANGE_INTERPOLATED
1075,1137,37.77489853,-122.4189987,APPROXIMATE
1076,1138,37.74810028,-122.4189987,RANGE_INTERPOLATED
1077,1139,44.97629929,-85.21040344,ROOFTOP
1078,1140,8.484100342,-13.22869968,APPROXIMATE
1079,1141,25.68110085,-100.362999,RANGE_INTERPOLATED
1080,1142,39.72460175,-121.8160019,ROOFTOP
1081,1143,44.72200012,-123.9179993,RANGE_INTERPOLATED
1082,1144,64.95829773,-147.621994,ROOFTOP
1083,1145,38.52429962,-122.4970016,RANGE_INTERPOLATED
1084,1146,47.58140182,9.919099808,APPROXIMATE
1085,1147,43.54999924,-96.70030212,APPROXIMATE
1086,1148,40.94910049,-124.1019974,RANGE_INTERPOLATED
1087,1149,40.67399979,-74.01180267,ROOFTOP
1088,901,37.24399948,-107.8789978,ROOFTOP
1089,1151,48.4192009,-122.3349991,ROOFTOP
1090,1152,18.87999916,72.94000244,APPROXIMATE
1091,1153,44.74029922,-88.44480133,APPROXIMATE
1092,1154,43.48699951,-80.20680237,RANGE_INTERPOLATED
1093,1155,61.21960068,-149.8959961,RANGE_INTERPOLATED
1094,1156,59.85440063,17.66270065,ROOFTOP
1095,1157,40.12979889,-75.54989624,ROOFTOP
1096,1158,40.19430161,-75.53399658,RANGE_INTERPOLATED
1097,1159,35.96569824,-83.91809845,ROOFTOP
1098,1160,43.03250122,-70.7947998,RANGE_INTERPOLATED
1099,1161,43.47679901,-110.7649994,RANGE_INTERPOLATED
1100,1162,46.32839966,-120.0080032,ROOFTOP
1101,1163,37.98410034,-120.3820038,APPROXIMATE
1102,1164,43.63259888,-116.2750015,ROOFTOP
1103,1165,34.07009888,-106.8929977,ROOFTOP
1104,1166,33.72679901,-111.8529968,RANGE_INTERPOLATED
1105,1167,-34.91109848,138.5749969,ROOFTOP
1106,1168,39.7322998,-76.44960022,RANGE_INTERPOLATED
1107,1169,46.58720016,-90.89209747,ROOFTOP
1108,1170,40.89030075,-72.3927002,ROOFTOP
1109,1171,32.7784996,-79.9272995,ROOFTOP
1110,1172,30.34889984,-95.44270325,RANGE_INTERPOLATED
1111,1173,42.10079956,-79.33570099,GEOMETRIC_CENTER
1112,1175,47.69589996,-114.1760025,APPROXIMATE
1113,1177,37.73870087,-122.3809967,RANGE_INTERPOLATED
1114,1178,40.50579834,-96.70700073,RANGE_INTERPOLATED
1115,1179,29.4260006,-97.16069794,APPROXIMATE
1116,1180,33.85749817,-117.8759995,APPROXIMATE
1117,1181,43.09999847,-87.9197998,ROOFTOP
1118,1182,39.95249939,-76.32949829,ROOFTOP
1119,1183,37.207901,-93.29550171,RANGE_INTERPOLATED
1120,1184,18.33679962,-64.72810364,APPROXIMATE
1121,1185,36.72819901,-76.58360291,APPROXIMATE
1122,1186,50.34159851,-4.788300037,RANGE_INTERPOLATED
1123,1187,52.65380096,-7.248000145,APPROXIMATE
1124,1188,49.80199814,11.03240013,ROOFTOP
1125,1189,53.34410095,-6.267499924,APPROXIMATE
1126,1190,37.64170074,-121.0039978,ROOFTOP
1127,1192,51.84859848,5.863900185,RANGE_INTERPOLATED
1128,1193,42.19760132,-122.7149963,ROOFTOP
1129,1194,43.64139938,-79.38690186,RANGE_INTERPOLATED
1130,1195,49.28490067,-123.1100006,ROOFTOP
1131,1196,37.2723999,-107.8799973,ROOFTOP
1132,1197,32.5007019,-94.7405014,APPROXIMATE
1133,1198,47.36899948,8.538000107,APPROXIMATE
1134,1199,35.99399948,-78.89859772,APPROXIMATE
1135,1200,44.51039886,-89.5734024,ROOFTOP
1136,1201,39.63180161,-75.66280365,RANGE_INTERPOLATED
1137,1202,47.80049896,13.04440022,APPROXIMATE
1138,1203,39.29040146,-76.61219788,APPROXIMATE
1139,1204,33.11569977,-117.1200027,ROOFTOP
1140,1205,44.25360107,-88.40370178,RANGE_INTERPOLATED
1141,1206,41.80720139,-91.49410248,APPROXIMATE
1142,1207,43.70999908,-70.30500031,RANGE_INTERPOLATED
1143,1208,44.19720078,-72.50189972,ROOFTOP
1144,1209,42.33720016,-83.01860046,ROOFTOP
1145,1210,49.28210068,-123.0699997,RANGE_INTERPOLATED
1146,1211,40.23690033,-76.0719986,RANGE_INTERPOLATED
1147,1212,43.03889847,-87.90650177,APPROXIMATE
1148,1213,54.3905983,-5.654799938,APPROXIMATE
1149,1214,41.42770004,-78.55390167,RANGE_INTERPOLATED
1150,1215,27.94939995,-82.46510315,APPROXIMATE
1151,1216,44.83420181,-87.3769989,APPROXIMATE
1152,1218,38.54719925,-121.7259979,ROOFTOP
1153,1219,43.31520081,-83.73139954,RANGE_INTERPOLATED
1154,1220,44.91389847,-93.13960266,ROOFTOP
1155,1221,45.04290009,-93.32460022,ROOFTOP
1156,1222,-32.06380081,115.9120026,ROOFTOP
1157,1223,39.03239822,-77.40969849,RANGE_INTERPOLATED
1158,1224,33.80870056,-84.38130188,ROOFTOP
1159,1225,42.86660004,-106.3130035,APPROXIMATE
1160,1226,38.82889938,-77.43930054,RANGE_INTERPOLATED
1161,1227,43.3905983,-79.80490112,RANGE_INTERPOLATED
1162,1229,32.8091011,-79.875,GEOMETRIC_CENTER
1163,1230,40.16719818,-105.1019974,APPROXIMATE
1164,1231,43.61130142,-116.2060013,ROOFTOP
1165,1232,32.77320099,-117.0550003,ROOFTOP
1166,1233,25.02599907,121.4720001,APPROXIMATE
1167,1234,27.96069908,-82.44329834,ROOFTOP
1168,1235,43.80139923,-91.23960114,APPROXIMATE
1169,1236,41.83580017,-88.00910187,RANGE_INTERPOLATED
1170,1237,49.32379913,-123.1019974,RANGE_INTERPOLATED
1171,1238,32.71530151,-117.1569977,APPROXIMATE
1172,1240,36.2154007,-115.2509995,ROOFTOP
1173,1241,55.85929871,-4.23239994,RANGE_INTERPOLATED
1174,1242,45.4192009,-117.2720032,RANGE_INTERPOLATED
1175,1243,33.94589996,-83.41049957,ROOFTOP
1176,1244,44.33720016,-72.7559967,ROOFTOP
1177,1245,40.89590073,-73.38110352,ROOFTOP
1178,1246,33.8614006,-117.8799973,RANGE_INTERPOLATED
1179,1247,41.96580124,-72.79299927,ROOFTOP
1180,1248,40.46239853,-79.96450043,ROOFTOP
1181,1249,37.78390121,-122.0009995,GEOMETRIC_CENTER
1182,1250,42.11849976,-86.4536972,RANGE_INTERPOLATED
1183,1251,33.1405983,-117.1500015,APPROXIMATE
1184,1252,41.81900024,-71.40969849,RANGE_INTERPOLATED
1185,1253,41.92110062,-86.45829773,ROOFTOP
1186,1254,38.43980026,-122.7129974,ROOFTOP
1187,1255,41.06890106,-81.51719666,ROOFTOP
1188,1256,37.78549957,-122.4000015,ROOFTOP
1189,1257,34.79679871,-82.42449951,RANGE_INTERPOLATED
1190,1258,41.80870056,-72.71080017,RANGE_INTERPOLATED
1191,1259,47.5923996,-122.3339996,RANGE_INTERPOLATED
1192,1260,41.53540039,-87.51580048,RANGE_INTERPOLATED
1193,1261,44.47710037,-73.21150208,ROOFTOP
1194,1262,32.34069824,-111.0149994,ROOFTOP
1195,1263,40.69660187,-99.08149719,RANGE_INTERPOLATED
1196,1264,40.92589951,-98.33969879,RANGE_INTERPOLATED
1197,1265,37.33620071,-121.8939972,ROOFTOP
1198,1266,50.83990097,4.247499943,RANGE_INTERPOLATED
1199,1267,49.49440002,-119.6100006,RANGE_INTERPOLATED
1200,1268,44.52000046,-88.01730347,ROOFTOP
1201,1269,39.73920059,-104.9850006,APPROXIMATE
1202,1270,52.05929947,1.155699968,APPROXIMATE
1203,1271,39.7417984,-105.5179977,ROOFTOP
1204,1272,51.66659927,-3.944299936,GEOMETRIC_CENTER
1205,1273,51.08729935,4.91779995,APPROXIMATE
1206,1274,-33.85010147,151.0449982,ROOFTOP
1207,1275,-33.86709976,151.2070007,APPROXIMATE
1208,1276,35.91320038,-79.05580139,RANGE_INTERPOLATED
1209,1277,20.89109993,-156.5050049,APPROXIMATE
1210,1278,42.35100174,-83.0664978,RANGE_INTERPOLATED
1211,1279,38.7745018,-90.48400116,RANGE_INTERPOLATED
1212,1280,40.68920135,-74.43489838,ROOFTOP
1213,1281,55.61899948,-3.063600063,APPROXIMATE
1214,1282,38.89670181,-104.8550034,RANGE_INTERPOLATED
1215,1283,37.87340164,-122.2689972,ROOFTOP
1216,1284,40.36589813,-74.95439911,GEOMETRIC_CENTER
1217,1285,40.35070038,-74.65830231,ROOFTOP
1218,1286,40.25590134,-76.87149811,ROOFTOP
1219,1287,13.72340012,100.4759979,APPROXIMATE
1220,1288,44.52030182,-72.00140381,RANGE_INTERPOLATED
1221,1289,36.06629944,120.3830032,APPROXIMATE
1222,1290,49.46429825,11.08469963,ROOFTOP
1223,1292,44.94419861,-93.08609772,APPROXIMATE
1224,1293,38.9734993,-77.12719727,ROOFTOP
1225,1294,33.74959946,-117.8119965,ROOFTOP
1226,1295,46.72079849,-92.10410309,APPROXIMATE
1227,1296,47.85589981,-121.9710007,RANGE_INTERPOLATED
1228,1297,40.02009964,-105.2509995,RANGE_INTERPOLATED
1229,1298,41.8205986,-88.20680237,RANGE_INTERPOLATED
1230,1299,40.79639816,-73.6989975,ROOFTOP
1231,1300,32.85449982,-96.76869965,ROOFTOP
1232,1301,43.08620071,-88.896698,ROOFTOP
1234,1303,51.22499847,6.772200108,ROOFTOP
1235,1304,40.73260117,-111.9540024,ROOFTOP
1236,1305,39.14979935,-123.2080002,ROOFTOP
1237,1306,43.21649933,-123.3420029,APPROXIMATE
1238,1307,45.4416008,-73.2594986,RANGE_INTERPOLATED
1239,1309,40.21179962,-76.12319946,RANGE_INTERPOLATED
1240,1310,40.4233017,-104.7089996,APPROXIMATE
1241,1311,48.13550186,11.6008997,ROOFTOP
1242,1312,12.96889973,77.59459686,GEOMETRIC_CENTER
1243,1313,39.1733017,-86.53690338,RANGE_INTERPOLATED
1244,1314,41.8445015,-90.18869781,APPROXIMATE
1245,1315,41.23310089,-96.18109894,RANGE_INTERPOLATED
1246,1316,41.25529861,-95.93060303,RANGE_INTERPOLATED
1247,1317,51.32009888,-2.207999945,APPROXIMATE
1248,1318,40.73220062,-111.9000015,RANGE_INTERPOLATED
1249,1320,37.95510101,-121.3219986,ROOFTOP
1250,1321,40.04389954,-75.38809967,APPROXIMATE
1251,1322,50.92050171,3.254100084,APPROXIMATE
1252,1323,48.43439865,-123.3669968,RANGE_INTERPOLATED
1253,1324,44.47729874,-73.21440125,ROOFTOP
1255,1326,40.0060997,-75.69419861,RANGE_INTERPOLATED
1256,1327,45.25849915,-91.81809998,ROOFTOP
1257,1328,39.11259842,-77.55370331,ROOFTOP
1258,1329,57.49850082,18.45899963,APPROXIMATE
1259,1330,41.6371994,-80.1548996,RANGE_INTERPOLATED
1260,1332,42.55860138,-71.87149811,RANGE_INTERPOLATED
1261,1333,42.57389832,-76.85820007,RANGE_INTERPOLATED
1262,1334,40.46160126,-79.96530151,RANGE_INTERPOLATED
1263,1335,45.69219971,-121.8850021,RANGE_INTERPOLATED
1264,1336,42.6487999,-85.28749847,RANGE_INTERPOLATED
1265,1337,51.4416008,8.351900101,ROOFTOP
1266,1338,42.37179947,-71.23670197,ROOFTOP
1267,1339,43.0447998,-87.91139984,ROOFTOP
1268,1340,43.05250168,-88.36630249,ROOFTOP
1269,1341,44.86520004,-93.40950012,APPROXIMATE
1270,1342,51.50019836,-0.126200005,APPROXIMATE
1271,1343,39.23199844,-84.37830353,APPROXIMATE
1272,1344,47.23109818,8.669099808,ROOFTOP
1273,1345,35.88589859,-75.66970062,GEOMETRIC_CENTER
1274,1346,41.8506012,-87.79370117,APPROXIMATE
1275,1347,47.79399872,11.83110046,ROOFTOP
1277,1351,41.49950027,-81.69539642,APPROXIMATE
1278,1352,40.6731987,-75.22489929,ROOFTOP
1279,1353,51.53749847,-0.904600024,APPROXIMATE
1280,1354,39.28659821,-76.61820221,ROOFTOP
1281,1355,53.14070129,-1.808400035,APPROXIMATE
1282,1356,52.13570023,-0.467999995,APPROXIMATE
1283,1357,39.37220001,-76.46379852,RANGE_INTERPOLATED
1284,1358,45.34980011,-123.072998,RANGE_INTERPOLATED
1285,1359,47.38119888,-94.66690063,GEOMETRIC_CENTER
1286,1360,51.20470047,0.681299984,GEOMETRIC_CENTER
1287,1361,45.54079819,-122.6760025,ROOFTOP
1288,1362,44.05210114,-123.086998,APPROXIMATE
1289,1363,39.3628006,-77.42649841,ROOFTOP
1290,1364,42.21080017,-88.16519928,APPROXIMATE
1291,1365,42.17070007,-123.6449966,ROOFTOP
1292,1366,45.25189972,-92.27130127,APPROXIMATE
1293,1367,56.11629868,-3.795399904,APPROXIMATE
1294,1368,41.64160156,-81.40660095,RANGE_INTERPOLATED
1295,1369,34.22570038,-77.94470215,APPROXIMATE
1296,1370,43.04949951,-88.00759888,APPROXIMATE
1297,1371,44.65840149,-111.0999985,RANGE_INTERPOLATED
1298,1372,39.9618988,-105.5100021,RANGE_INTERPOLATED
1299,1373,52.68420029,1.449000001,APPROXIMATE
1300,1374,49.79199982,9.914999962,ROOFTOP
1301,1375,51.75230026,-1.255800009,APPROXIMATE
1302,1377,51.0340004,-114.0830002,GEOMETRIC_CENTER
1303,1378,52.14960098,-2.550699949,APPROXIMATE
1304,1379,39.75350189,-104.9980011,ROOFTOP
1305,1380,46.60210037,-120.5059967,APPROXIMATE
1306,1381,49.27550125,-123.1210022,RANGE_INTERPOLATED
1307,1382,45.52349854,-122.6760025,APPROXIMATE
1308,1383,39.98310089,-75.12740326,RANGE_INTERPOLATED
1309,1391,36.15100098,-86.78209686,ROOFTOP
1310,1387,32.82099915,-96.78479767,ROOFTOP
1311,1390,45.78609848,-108.4980011,ROOFTOP
1312,1389,53.95709991,-1.090499997,RANGE_INTERPOLATED
1313,1385,51.46110153,-0.196600005,RANGE_INTERPOLATED
1314,1388,40.70000076,-76.17469788,ROOFTOP
1315,1386,29.93860054,-90.0759964,RANGE_INTERPOLATED
